date,water_area_uncorrected,non_water_area,cloud_area,unfiltered_area,cloud_percent,QUALITY_DESCRIPTION,sat,filtered_area,corrected_areas_1,corrected_trend_1,sar_trend,days_passed,area
2019-01-07,27.34996738322993,16.315605894900692,1.0699631049375236,28.1691885499422,2.391752041990697,0.0,s2,28.1691885499422,28.03589364500643,0.08707303488666725,-0.006232254901960488,5.0,28.03589364500643
2019-01-12,0.0,0.0,39.10391626269246,28.03589364500643,100.0,0.0,s2,28.03589364500643,28.03589364500643,-0.026658980987154024,-0.010387091503268664,5.0,28.03589364500643
2019-01-17,27.825308395222027,16.64441561606696,0.2658123717791661,27.90259874007066,0.5941861733880378,0.0,s2,27.90259874007066,27.90259874007066,-0.026658980987154024,-0.013584477124182825,5.0,27.90259874007066
2019-01-22,27.39356905999864,16.85196242139352,0.4900049016759693,27.667348839783795,1.0953370436426249,0.0,s2,27.667348839783795,27.667348839783795,-0.04704998005737267,-0.026374019607843024,5.0,27.667348839783795
2019-01-27,27.17130733746745,17.230866423174547,0.3333626224261448,27.30551005130412,0.7451852584745547,0.0,s2,27.30551005130412,27.30551005130412,-0.07236775769593536,-0.026374019607843024,5.0,27.30551005130412
2019-02-01,27.18393485627226,17.38076769258385,0.1708338342120349,27.18393485627226,0.38187501039261806,0.0,s2,27.18393485627226,27.18393485627226,-0.02431503900637182,-0.03483480392156864,5.0,27.18393485627226
2019-02-06,27.313070841127647,17.258166899348335,0.1642986425921619,27.313070841127647,0.36726650863260224,0.0,s2,27.313070841127647,27.313070841127647,0.025827196971077625,-0.03695000000000022,5.0,27.313070841127647
2019-02-07,27.381315467563045,16.990172543164547,0.3640483723405748,27.51194305917681,0.813778936779134,0.0,l8,27.51194305917681,27.51194305917681,0.19887221804916422,-0.03695000000000093,1.0,27.51194305917681
2019-02-11,17.469725322135172,10.140107105236591,17.125703955696434,,38.282102642181094,0.0,s2,,,,-0.021533333333333182,4.0,27.42580972584348
2019-02-16,26.57231446916409,15.643522125076824,2.519699788827233,27.384924776201444,5.6324345085552805,0.0,s2,27.384924776201444,27.384924776201444,-0.01411314255281858,-0.006116666666666504,5.0,27.384924776201444
2019-02-21,26.687925956688137,17.358046820643036,0.6895636057369857,26.80093908977529,1.5414224607307423,0.0,s2,26.80093908977529,26.80093908977529,-0.1167971372852307,-0.006116666666666504,5.0,26.80093908977529
2019-02-23,27.798625975383214,16.774421698796544,0.1624887088884189,,0.3632206563860912,0.0,l8,,,,-0.03571666666666751,2.0,26.729505756441956
2019-02-26,26.82504321640208,13.719237348940256,4.191255817725844,27.22410749868968,9.368962924321123,0.0,s2,27.22410749868968,27.22410749868968,0.0846336817828778,-0.03571666666666692,3.0,27.22410749868968
2019-03-03,26.022861846169988,17.85991319983339,0.8527613370647728,26.544871885476628,1.9062280370634666,0.0,s2,26.544871885476628,26.544871885476628,-0.13584712264261042,-0.03571666666666644,5.0,26.544871885476628
2019-03-08,25.91897261993899,18.550753141899268,0.2658106212298497,25.99511048462405,0.5941822602812381,0.0,s2,25.99511048462405,25.99511048462405,-0.10995228017051559,-0.040166666666667086,5.0,25.99511048462405
2019-03-11,22.08352208761106,14.26026564383401,8.391748651623077,,18.75857389920388,0.0,l8,,,,-0.04313333333333347,3.0,25.86571048462405
2019-03-13,25.48537027263028,19.02690109193337,0.2228805084336474,25.49690644795377,0.4982223131071583,0.0,s2,25.49690644795377,25.49690644795377,-0.09964080733405609,-0.04313333333333347,2.0,25.49690644795377
2019-03-18,25.95119153140391,18.47708474414944,0.306875606446661,25.96157180175913,0.6859831553855479,0.0,s2,25.96157180175913,25.96157180175913,0.0929330707610724,-0.04234166666666681,5.0,25.96157180175913
2019-03-23,25.642507550571818,18.89056228725317,0.2024665452431217,25.658272466526405,0.45258548709332785,0.0,s2,25.658272466526405,25.658272466526405,-0.060659867046545204,-0.03917500000000018,5.0,25.658272466526405
2019-03-27,25.43117512818532,19.141007392552066,0.1633538623308018,25.4320402816277,0.3651545852317736,0.0,l8,25.4320402816277,25.4320402816277,-0.05655804622467642,-0.039174999999999294,4.0,25.4320402816277
2019-03-28,4.251523904073918,18.239976931690848,22.24403554730338,26.12845927367232,49.72341307552194,0.0,s2,26.12845927367232,26.12845927367232,0.6964189920446202,-0.03917500000000018,1.0,26.12845927367232
2019-04-02,1.188352898394656,10.833205763629044,32.713977721044444,,73.12749631728185,0.0,s2,,,,-0.041868333333333396,5.0,25.919117607005653
2019-04-07,23.02292586914278,18.01214335920837,3.700467154716968,24.8598085806296,8.271873892446614,0.0,s2,24.8598085806296,24.8598085806296,-0.12686506930427194,-0.042541666666667054,5.0,24.8598085806296
2019-04-12,11.940571198364257,29.26564408604501,3.529321098658912,,7.889300954027936,0.0,l8,,,,-0.046314999999999884,5.0,24.6282335806296
2019-04-17,7.066213865600585,37.48926201418813,0.1800605032794177,,0.4024999314584466,0.0,s2,,,,-0.05197499999999948,5.0,24.368358580629604
2019-04-22,0.8473039526672362,5.236585349933455,38.65164708046745,,86.40032109930536,0.0,s2,,,,-0.051975000000000195,5.0,24.108483580629603
2019-04-27,9.806875808274333,34.46562783901757,0.4630327357762083,,1.035044560126166,0.0,s2,,,,-0.019275000000000375,5.0,24.0121085806296
2019-04-28,7.413770571166991,30.862671704514245,6.448716091945067,,14.41854277840385,0.0,l8,,,,-0.019274999999996822,1.0,23.992833580629604
2019-05-02,11.427234187530518,29.58685462976335,3.72144756577424,,8.318772650690214,0.0,s2,,,,-0.019275000000000375,4.0,23.915733580629603
2019-05-07,0.0,0.0,39.10391626269246,,100.0,0.0,s2,,,,-0.03328500000000005,5.0,23.749308580629602
2019-05-12,0.0,0.0,39.10391626269246,,100.0,0.0,s2,,,,-0.0426249999999996,5.0,23.536183580629604
2019-05-14,15.409305984130858,13.762922809818273,15.563307589119006,22.89976110691995,34.78958529937182,0.0,l8,22.89976110691995,22.89976110691995,-0.05297425604620677,-0.04262500000000102,2.0,22.89976110691995
2019-05-17,23.028549711084946,21.5046277005641,0.2023589714190661,23.03354789995824,0.4523450209387825,0.0,s2,23.03354789995824,23.03354789995824,0.044595597679429964,-0.01953333333333281,3.0,23.03354789995824
2019-05-22,0.0,0.0,39.10391626269246,,100.0,0.0,s2,,,,0.026650000000000063,5.0,23.16679789995824
2019-05-27,0.0,0.0,39.10391626269246,,100.0,0.0,s2,,,,0.026650000000000063,5.0,23.30004789995824
2019-05-30,17.298552231672936,26.58199450400346,0.8549896473917812,,1.9112091114109984,0.0,l8,,,,-0.09161111111111116,3.0,23.025214566624907
2019-06-01,3.390963285430908,4.895425411046052,36.44914768659118,,81.47694346275178,0.0,s2,,,,-0.15074166666666677,2.0,22.723731233291574
2019-06-06,15.453306420989987,28.701660700372173,0.5709576337762922,,1.2765697677624792,0.0,s2,,,,-0.15074166666666713,5.0,21.970022899958238
2019-06-11,11.227248534334668,11.65355319168904,21.854734657044443,22.554859950533405,48.85318568643829,0.0,s2,22.554859950533405,22.554859950533405,-0.019147517976993385,-0.12114166666666648,5.0,22.554859950533405
2019-06-15,9.53110760166973,14.42016106840846,20.651918364113,21.459678013290823,46.30144107927083,0.0,l8,21.459678013290823,21.459678013290823,-0.2737954843106456,-0.07674166666666693,4.0,21.459678013290823
2019-06-16,0.0,0.0,39.10391626269246,,100.0,0.0,s2,,,,-0.07674166666666338,1.0,21.38293634662416
2019-06-21,21.64306012225257,21.27106636077278,1.8214099000427424,,4.071505669332101,0.0,s2,,,,-0.07674166666666693,5.0,20.999228013290825
2019-06-26,4.210353307922363,8.237531533927777,32.287651541218025,,72.17450410058902,0.0,s2,,,,0.13648333333333298,5.0,21.68164467995749
2019-07-01,0.0,0.0,39.10391626269246,,100.0,0.0,s2,,,,0.13648333333333368,5.0,22.36406134662416
2019-07-06,0.0,0.0,39.10391626269246,,100.0,0.0,s2,,,,0.019973333333333444,5.0,22.463928013290825
2019-07-11,0.0,0.0,39.10391626269246,20.81754134106472,100.0,0.0,s2,20.81754134106472,20.81754134106472,-0.02469756431638851,-0.15760000000000005,5.0,20.81754134106472
2019-07-16,20.8660268563236,22.629150762315053,1.240358764429465,21.18243087078893,2.7726475744212298,0.0,s2,21.18243087078893,21.18243087078893,0.07297790594484184,-0.15760000000000005,5.0,21.18243087078893
2019-07-17,0.0,0.0,43.4289008107063,,104.82754782497909,1.0,l8,,,,-0.15760000000000218,1.0,21.02483087078893
2019-07-21,17.044031284143067,19.165878910884533,8.525626188040494,20.93987750570069,19.05783830339262,0.0,s2,20.93987750570069,20.93987750570069,-0.04851067301764829,-0.16994374999999984,4.0,20.93987750570069
2019-07-26,0.0,0.0,39.10391626269246,,100.0,0.0,s2,,,,-0.17405833333333334,5.0,20.069585839034023
2019-07-31,2.4899930559115537,11.304866333009594,30.940676994147,,69.16353193846507,0.0,s2,,,,-0.12330833333333331,5.0,19.453044172367356
2019-08-02,0.0,0.0,44.564145350712806,,104.69879045736909,1.0,l8,,,,0.07969166666666716,2.0,19.61242750570069
2019-08-05,0.0,0.0,39.10391626269246,,100.0,0.0,s2,,,,0.07969166666666656,3.0,19.85150250570069
2019-08-10,0.0,0.0,39.10391626269246,,100.0,0.0,s2,,,,0.0796916666666668,5.0,20.249960839034024
2019-08-15,5.113953489959717,24.66168235732556,14.959900535782898,,33.44075369451707,0.0,s2,,,,0.06896500000000003,5.0,20.594785839034024
2019-08-18,0.0,0.0,44.735536383068144,,104.67994594024191,1.0,l8,,,,0.0662833333333334,3.0,20.793635839034025
2019-08-20,0.0,0.0,39.10391626269246,,100.0,0.0,s2,,,,0.0662833333333328,2.0,20.92620250570069
2019-08-25,0.0,0.0,39.10391626269246,,100.0,0.0,s2,,,,0.08080666666666687,5.0,21.330235839034025
2019-08-30,0.0,0.0,39.10391626269246,,100.0,0.0,s2,,,,0.10259166666666672,5.0,21.843194172367358
2019-09-03,0.0,0.0,44.735536383068144,22.292123084353218,104.67994594024191,1.0,l8,22.292123084353218,22.292123084353218,0.03073285406028474,0.10259166666666708,4.0,22.292123084353218
2019-09-04,0.0,0.0,39.10391626269246,,100.0,0.0,s2,,,,0.1025916666666653,1.0,22.394714751019883
2019-09-09,0.0,0.0,39.10391626269246,,100.0,0.0,s2,,,,0.045250000000000054,5.0,22.620964751019883
2019-09-14,18.72499700041456,16.66108193083509,9.34945745181854,21.40255209450025,20.89939723033518,0.0,s2,21.40255209450025,21.40255209450025,-0.08087008998663334,0.045250000000000054,5.0,21.40255209450025
2019-09-19,0.0,0.0,39.10391626269246,21.72296492621711,100.0,0.0,s2,21.72296492621711,21.72296492621711,0.06408256634337164,0.05379999999999967,5.0,21.72296492621711
2019-09-24,0.0,0.0,39.10391626269246,22.04337775793397,100.0,0.0,s2,22.04337775793397,22.04337775793397,0.06408256634337235,0.059499999999999886,5.0,22.04337775793397
2019-09-29,22.336114316518508,22.17169813962517,0.2277239269244372,22.36379058965083,0.5090448116558809,0.0,s2,22.36379058965083,22.36379058965083,0.06408256634337164,0.05054499999999962,5.0,22.36379058965083
2019-10-04,22.11828651303196,21.30826328281677,1.3089865872193946,22.170181769379617,2.9260554204840843,0.0,s2,22.170181769379617,22.170181769379617,-0.038721764054242415,0.014724999999999966,5.0,22.170181769379617
2019-10-05,22.126740499508845,22.177321882251483,0.4314740013078526,22.255610902218805,0.964499447627412,0.0,l8,22.255610902218805,22.255610902218805,0.08542913283918807,0.014725000000002098,1.0,22.255610902218805
2019-10-09,0.0,0.0,39.10391626269246,22.33180901622201,100.0,0.0,s2,22.33180901622201,22.33180901622201,0.019049528500801216,0.014725000000000321,4.0,22.33180901622201
2019-10-14,12.812772780459415,19.855336649409704,12.06742695319901,22.4934362630644,26.975035796746116,0.0,s2,22.4934362630644,22.4934362630644,0.03232544936847788,-0.02980833333333379,5.0,22.4934362630644
2019-10-19,21.655653885247805,21.27448955170392,1.8053929461163951,22.16770643536987,4.035702021446457,0.0,s2,22.16770643536987,22.16770643536987,-0.06514596553890613,-0.04094166666666652,5.0,22.16770643536987
2019-10-21,22.196529266759537,21.79903721113835,0.7347804940374866,22.52957404556813,1.6426890104351326,0.0,l8,22.52957404556813,22.52957404556813,0.18093380509913004,-0.040941666666666876,2.0,22.52957404556813
2019-10-24,20.7584997833404,19.221317085184463,4.753028149644561,21.5927497333526,10.625365204725952,0.0,s2,21.5927497333526,21.5927497333526,-0.31227477073850923,-0.01764166666666611,3.0,21.5927497333526
2019-10-29,20.32727229851888,18.309467628010555,6.098796456538691,22.058587483192948,13.633001746788072,0.0,s2,22.058587483192948,22.058587483192948,0.09316754996806935,-0.005991666666666617,5.0,22.058587483192948
2019-11-03,16.949797591785984,15.811223952668648,11.97451483861352,21.23575833101328,26.767343831705407,0.0,s2,21.23575833101328,21.23575833101328,-0.1645658304359337,-0.005991666666666617,5.0,21.23575833101328
2019-11-06,22.3520566821404,22.219261343296697,0.1642183576310947,22.3520566821404,0.36708704289337457,0.0,l8,22.3520566821404,22.3520566821404,0.3720994503757069,0.014974999999999739,3.0,22.3520566821404
2019-11-08,21.95792879615096,22.498338740620166,0.2792688462969959,21.973309228493484,0.6242662296605344,0.0,s2,21.973309228493484,21.973309228493484,-0.1893737268234581,0.014974999999999739,2.0,21.973309228493484
2019-11-13,0.0,0.0,39.10391626269246,21.46824321785691,100.0,0.0,s2,21.46824321785691,21.46824321785691,-0.10101320212731509,0.014974999999999739,5.0,21.46824321785691
2019-11-18,20.42043322205188,19.897333837584927,4.410849127691559,20.963177207220337,9.861358351035134,0.0,s2,20.963177207220337,20.963177207220337,-0.10101320212731438,-0.060374999999999804,5.0,20.963177207220337
2019-11-22,19.15118792918557,20.809543521595,4.77047937619631,22.0346312948472,10.664766922247695,0.0,l8,22.0346312948472,22.0346312948472,0.26786352190671536,-0.11060833333333342,4.0,22.0346312948472
2019-11-23,21.004811567986938,21.95654258133313,1.7741822337480335,21.14129291295764,3.9659348634065807,0.0,s2,21.14129291295764,21.14129291295764,-0.8933383818895599,-0.11060833333333164,1.0,21.14129291295764
2019-11-28,16.136805718927,19.595263223921787,9.003467440219328,20.40504607833252,20.12598521927422,0.0,s2,20.40504607833252,20.40504607833252,-0.14724936692502338,-0.0756216666666667,5.0,20.40504607833252
2019-12-03,21.16604451738341,23.383239553219497,0.1862523124652058,21.16796675719054,0.4163408500802063,0.0,s2,21.16796675719054,21.16796675719054,0.15258413577160396,0.06432499999999948,5.0,21.16796675719054
2019-12-08,21.16150543651577,23.373157934631063,0.2008730119212716,21.16496526198575,0.4490233674660929,0.0,s2,21.16496526198575,21.16496526198575,-0.0006002990409584186,0.06432500000000019,5.0,21.16496526198575
2019-12-13,20.181333103226724,24.178091888469933,0.3761113913714587,20.3412492920695,0.8407441192854738,0.0,s2,20.3412492920695,20.3412492920695,-0.16474319398325007,-0.0025816666666663934,5.0,20.3412492920695
2019-12-18,10.423833064208983,20.64938887490864,13.66231444395053,,30.540182478110506,0.0,s2,,,,-0.019308333333333393,5.0,20.24470762540283
2019-12-23,20.16526120000024,22.96392876242227,1.6063464206455795,20.19140170439477,3.590761507564183,0.0,s2,20.19140170439477,20.19140170439477,-0.014984758767472784,-0.02805267320261464,5.0,20.19140170439477
2019-12-24,21.1340421922471,23.41651369958404,0.1849804912370517,21.14442393596048,0.4134978725929939,0.0,l8,21.14442393596048,21.14442393596048,0.9530222315657078,-0.04116918300653438,1.0,21.14442393596048
2019-12-28,20.87403798433084,23.674848412481293,0.1866499862559884,20.87826701075906,0.41722979391084986,0.0,s2,20.87826701075906,20.87826701075906,-0.06653923130035455,-0.04116918300653616,4.0,20.87826701075906
2020-01-02,3.2460428102722165,12.557720310392856,28.93177326240307,,64.6729101774074,0.0,s2,,,,-0.041169183006535805,5.0,20.67242109572638
2020-01-07,19.98325496898804,24.57097147520569,0.1813099388743937,19.98479279442749,0.40529286901099365,0.0,s2,19.98479279442749,19.98479279442749,-0.0893474216331569,-0.059843888888888586,5.0,19.98479279442749
2020-01-09,8.675603527832031,9.538299572258207,26.52163328297791,20.95027995648193,59.28538121433148,0.0,l8,20.95027995648193,20.95027995648193,0.4827435810272185,-0.05984388888889036,2.0,20.95027995648193
2020-01-12,9.243757645227648,24.0500953009314,11.441683436909106,19.88790722805236,25.576274170347588,0.0,s2,19.88790722805236,19.88790722805236,-0.3541242428098563,-0.059843888888888586,3.0,19.88790722805236
2020-01-17,19.641119026538085,24.034622006850388,1.0597953496796564,19.641119026538085,2.3690234550999514,0.0,s2,19.641119026538085,19.641119026538085,-0.04935764030285483,-0.051800810457515924,5.0,19.641119026538085
2020-01-22,19.495997452222635,25.07364864957607,0.1658902812694162,19.495997452222635,0.37082439304830533,0.0,s2,19.495997452222635,19.495997452222635,-0.029024314863089984,-0.046438758169934855,5.0,19.495997452222635
2020-01-25,19.59285800731895,24.92655496416308,0.2161234115861728,19.640438724604103,0.483113491108095,0.0,l8,19.640438724604103,19.640438724604103,0.0481470907938224,-0.04643875816993415,3.0,19.640438724604103
2020-01-27,13.30716977312622,21.16709571401638,10.261270895925527,,22.937627947631576,0.0,s2,,,,-0.035795245098039885,2.0,19.568848234408023
2020-02-01,18.976551281273693,25.578926617130744,0.1796739919573962,18.97732024120411,0.4016393917645486,0.0,s2,18.97732024120411,18.97732024120411,-0.09473121191428444,-0.0251517320261442,5.0,18.97732024120411
2020-02-06,18.61222603291625,25.914420671671028,0.2085051857745349,18.618376273974608,0.46608802466021654,0.0,s2,18.618376273974608,18.618376273974608,-0.07178879344590072,-0.025151732026143493,5.0,18.618376273974608
2020-02-10,18.23452816320274,25.87913289281296,0.6192806808732897,18.63768206341026,1.3843951612120342,0.0,l8,18.63768206341026,18.63768206341026,0.004826447358913022,-0.0592740604575166,4.0,18.63768206341026
2020-02-11,19.056735686541263,22.875893458321546,2.80252274955783,19.063656033281987,6.264699304412914,0.0,s2,19.063656033281987,19.063656033281987,0.42597396987172687,-0.07064816993464262,1.0,19.063656033281987
2020-02-16,17.94245319963379,26.59956766864978,0.1935155147845447,17.947835598254393,0.4325767173718031,0.0,s2,17.947835598254393,17.947835598254393,-0.22316408700551876,-0.07064816993464049,5.0,17.947835598254393
2020-02-21,17.809597398064223,26.754721352238374,0.1712176327655017,17.810366384697527,0.3827329380816492,0.0,s2,17.810366384697527,17.810366384697527,-0.027493842711373163,-0.05953688888888849,5.0,17.810366384697527
2020-02-26,17.06587045665977,24.579359007895828,3.090306918512568,18.87310268096397,6.9079464970542075,0.0,l8,18.87310268096397,18.87310268096397,0.2125472592532887,-0.042869967320261534,5.0,18.87310268096397
2020-03-02,17.610732135602046,26.789762475581227,0.3350417718848511,17.618037194470453,0.7489387609347197,0.0,s2,17.618037194470453,17.618037194470453,-0.2510130972987035,-0.04286996732026083,5.0,17.618037194470453
2020-03-07,16.971721925632252,26.2756261133913,1.4881883440445438,17.05091861465813,3.326635745017705,0.0,s2,17.05091861465813,17.05091861465813,-0.11342371596246466,-0.06770330065359502,5.0,17.05091861465813
2020-03-12,16.51869327128906,28.044087859720328,0.1727552520587146,16.51869327128906,0.38617006976158785,0.0,s2,16.51869327128906,16.51869327128906,-0.10644506867381409,-0.06770330065359502,5.0,16.51869327128906
2020-03-13,16.100263147789807,25.17736605420833,3.4579071810700444,17.421890982323497,7.7296651848770885,0.0,l8,17.421890982323497,17.421890982323497,0.9031977110344371,-0.06770330065359431,1.0,17.421890982323497
2020-03-17,17.061482428626448,27.49015158800308,0.1839023664385974,17.061482428626448,0.41108787623300364,0.0,s2,17.061482428626448,17.061482428626448,-0.09010213842426218,-0.05237587418300649,4.0,17.061482428626448
2020-03-22,16.458532886335185,28.09309895078993,0.1839045459429919,16.466990981214337,0.41109274820855324,0.0,s2,16.466990981214337,16.466990981214337,-0.11889828948242212,-0.04726673202614364,5.0,16.466990981214337
2020-03-27,15.783495974908446,28.767367312869748,0.1846730952899158,15.786571641931152,0.4128107321851906,0.0,s2,15.786571641931152,15.786571641931152,-0.13608386785663704,-0.04102503921568612,5.0,15.786571641931152
2020-03-29,16.47526868419764,28.086534623771183,0.1737330750993564,16.47959385192225,0.38835585564837916,0.0,l8,16.47959385192225,16.47959385192225,0.3465111049955487,-0.016058267973856566,2.0,16.47959385192225
2020-04-01,15.899532003326774,28.65987045345621,0.1761339262851178,15.899532003326774,0.39372262081959186,0.0,s2,15.899532003326774,15.899532003326774,-0.19335394953182514,-0.01605826797385627,3.0,15.899532003326774
2020-04-06,1.6710382264038086,26.9531256280748,16.111372528589534,17.47176706585083,36.01470739196835,0.0,s2,17.47176706585083,17.47176706585083,0.3144470125048112,-0.01605826797385639,5.0,17.47176706585083
2020-04-11,15.585478233209228,28.96846160266467,0.1815965471942126,15.585478233209228,0.4059335416014925,0.0,s2,15.585478233209228,15.585478233209228,-0.37725776652832044,-0.06002498692810434,5.0,15.585478233209228
2020-04-14,15.14287914086914,19.48763890959378,10.105018332605235,16.03480686553955,22.588347317614506,0.0,l8,16.03480686553955,16.03480686553955,0.14977621077677425,-0.07101666666666695,3.0,16.03480686553955
2020-04-16,0.1084130481567382,6.336429165717267,38.29069416919414,,85.59346163039794,0.0,s2,,,,-0.07101666666666606,2.0,15.892773532206219
2020-04-21,15.419699848816276,29.12578197066968,0.1900545635821521,15.419699848816276,0.42484024770536916,0.0,s2,15.419699848816276,15.419699848816276,-0.0878724309604679,-0.07426666666666684,5.0,15.419699848816276
2020-04-26,9.080184883168418,29.27793692643404,6.377414573465653,15.005083239155969,14.255813362460167,0.0,s2,15.005083239155969,15.005083239155969,-0.08292332193206135,-0.07914166666666667,5.0,15.005083239155969
2020-04-30,15.420031389382036,29.027576078010608,0.2879289156755283,15.42089645169893,0.6436245968082451,0.0,l8,15.42089645169893,15.42089645169893,0.10395330313574025,-0.07914166666666667,4.0,15.42089645169893
2020-05-01,13.528343886564963,26.87518708741462,4.332005409088507,14.88320635586428,9.68358884085745,0.0,s2,14.88320635586428,14.88320635586428,-0.53769009583465,-0.07914166666666667,1.0,14.88320635586428
2020-05-06,4.208435697937012,40.34665592043814,0.1804447646929919,,0.4033588938061511,0.0,s2,,,,-0.014225000000000066,5.0,14.81208135586428
2020-05-11,0.0,0.0,39.10391626269246,,100.0,0.0,s2,,,,-0.014225000000000066,5.0,14.740956355864279
2020-05-16,4.689254227783203,39.8646852297338,0.1815969255511462,,0.40593438736520526,0.0,s2,,,,-0.02240000000000002,5.0,14.628956355864279
2020-05-21,0.0,0.0,39.10391626269246,,100.0,0.0,s2,,,,-0.027850000000000107,5.0,14.489706355864278
2020-05-26,2.233857043324309,16.394547684743728,26.107131655000146,,58.35882112029701,0.0,s2,,,,-0.02257499999999979,5.0,14.37683135586428
2020-05-31,1.7119524481207156,10.067679592805993,32.95590434214143,12.93750981243956,73.6682892543004,0.0,s2,12.93750981243956,12.93750981243956,-0.06485655144749067,-0.0014749999999999375,5.0,12.93750981243956
2020-06-01,12.42913665118408,18.784247300338457,13.520422260891314,14.153239225402832,30.224171394428158,0.0,l8,14.153239225402832,14.153239225402832,1.215729412963272,-0.0014750000000010033,1.0,14.153239225402832
2020-06-05,0.0,0.0,39.10391626269246,13.09225177812051,100.0,0.0,s2,13.09225177812051,13.09225177812051,-0.26524686182058055,-0.001475000000000115,4.0,13.09225177812051
2020-06-10,0.0,0.0,39.10391626269246,13.246993743801458,100.0,0.0,s2,13.246993743801458,13.246993743801458,0.030948393136189623,-0.0011350000000000192,5.0,13.246993743801458
2020-06-15,0.0,0.0,39.10391626269246,13.401735709482406,100.0,0.0,s2,13.401735709482406,13.401735709482406,0.030948393136189623,-0.0010500000000000398,5.0,13.401735709482406
2020-06-17,4.814940336473172,19.07360850677732,20.836607683433385,14.17531248405618,46.58811573080101,0.0,l8,14.17531248405618,14.17531248405618,0.38678838728688714,-0.0010500000000002174,2.0,14.17531248405618
2020-06-20,9.488499584190455,19.78536242169513,15.461674377182575,13.556477675163356,34.56239854773403,0.0,s2,13.556477675163356,13.556477675163356,-0.20627826963094145,-0.01624999999999943,3.0,13.556477675163356
2020-06-25,0.0,0.0,39.10391626269246,,100.0,0.0,s2,,,,-0.023850000000000194,5.0,13.437227675163355
2020-06-30,5.258240693473188,16.868216048836487,22.609079640758463,,50.539417806814825,0.0,s2,,,,-0.023849999999999837,5.0,13.317977675163355
2020-07-03,0.0,0.0,44.19948520886423,14.253891426769062,104.73939430801371,1.0,l8,14.253891426769062,14.253891426769062,0.05364721166197743,0.012550000000000358,3.0,14.253891426769062
2020-07-05,0.2123678362552418,5.419252284120446,39.10391626269246,,87.41130524924881,0.0,s2,,,,0.012749999999999595,2.0,14.279391426769061
2020-07-10,0.0,0.0,39.10391626269246,,100.0,0.0,s2,,,,0.012950000000000017,5.0,14.344141426769061
2020-07-15,2.033896142704743,12.833259142535873,29.86838109782753,,66.7665652694227,0.0,s2,,,,0.012950000000000017,5.0,14.408891426769062
2020-07-19,0.0,0.0,43.22536228331635,14.332470369481943,104.8513824724092,1.0,l8,14.332470369481943,14.332470369481943,0.004911183919555029,0.012037499999999923,4.0,14.332470369481943
2020-07-20,0.0,0.0,39.10391626269246,,100.0,0.0,s2,,,,0.011733333333333817,1.0,14.344203702815276
2020-07-25,3.7558131645280426,6.213884043867642,34.76583917467244,,77.71414402405802,0.0,s2,,,,0.011733333333333106,5.0,14.402870369481942
2020-07-30,0.0,0.0,39.10391626269246,,100.0,0.0,s2,,,,0.002383333333333226,5.0,14.414787036148608
2020-08-04,0.0,0.0,39.10391626269246,,100.0,0.0,s2,,,,-0.011641666666666595,5.0,14.356578702815275
2020-08-09,0.0,0.0,39.10391626269246,14.827970292965759,100.0,0.0,s2,14.827970292965759,14.827970292965759,0.023595234451610297,-0.011641666666666595,5.0,14.827970292965759
2020-08-14,0.0,0.0,39.10391626269246,14.05990646427768,100.0,0.0,s2,14.05990646427768,14.05990646427768,-0.15361276573761593,-0.015324999999999988,5.0,14.05990646427768
2020-08-19,9.443065087249757,28.44687247565529,6.845598820163086,13.2918426355896,15.302373400744703,0.0,s2,13.2918426355896,13.2918426355896,-0.15361276573761593,-0.015324999999999988,5.0,13.2918426355896
2020-08-20,0.0,0.0,40.45888997830525,14.038774697057747,105.20035809959207,1.0,l8,14.038774697057747,14.038774697057747,0.7469320614681472,-0.015324999999998923,1.0,14.038774697057747
2020-08-24,5.596905874511719,37.96322958908436,1.175400919472024,,2.627443447658985,0.0,s2,,,,0.009118749999999842,4.0,14.075249697057746
2020-08-29,0.0,0.0,39.10391626269246,,100.0,0.0,s2,,,,0.01726666666666681,5.0,14.16158303039108
2020-09-03,13.288268434698129,27.597310221317382,3.8499577270526064,13.588481162054084,8.606039042620647,0.0,s2,13.588481162054084,13.588481162054084,-0.03216382392883307,0.021073333333333368,5.0,13.588481162054084
2020-09-05,9.374975393810317,30.3705034869294,4.986598150155596,13.66650008192067,11.147700891938193,0.0,l8,13.66650008192067,13.66650008192067,0.0390094599332933,0.03629999999999978,2.0,13.66650008192067
2020-09-08,0.0,0.0,39.10391626269246,15.353541357137164,100.0,0.0,s2,15.353541357137164,15.353541357137164,0.5623470917388312,0.03629999999999948,3.0,15.353541357137164
2020-09-13,0.0,0.0,39.10391626269246,,100.0,0.0,s2,,,,0.03629999999999996,5.0,15.535041357137164
2020-09-18,0.0,0.0,39.10391626269246,,100.0,0.0,s2,,,,0.3829133333333335,5.0,17.449608023803833
2020-09-21,0.0,0.0,44.735536383068144,18.28401544105039,104.67994594024191,1.0,l8,18.28401544105039,18.28401544105039,0.2254210833779404,0.46956666666666713,3.0,18.28401544105039
2020-09-23,0.0,0.0,39.10391626269246,,100.0,0.0,s2,,,,0.46956666666666713,2.0,19.223148774383723
2020-09-28,0.0,0.0,39.10391626269246,,100.0,0.0,s2,,,,0.4617161830065356,5.0,21.5317296894164
2020-10-03,0.0,0.0,39.10391626269246,24.178842332552563,100.0,0.0,s2,24.178842332552563,24.178842332552563,0.4912355742918478,0.4499404575163403,5.0,24.178842332552563
2020-10-07,0.0,0.0,44.735536383068144,,104.67994594024191,1.0,l8,,,,0.44994045751634015,4.0,25.978604162617923
2020-10-08,0.0,0.0,39.10391626269246,25.943902527635643,100.0,0.0,s2,25.943902527635643,25.943902527635643,0.3530120390166161,0.4499404575163375,1.0,25.943902527635643
2020-10-13,0.0,0.0,39.10391626269246,27.708962722718724,100.0,0.0,s2,27.708962722718724,27.708962722718724,0.3530120390166161,0.5468418954248356,5.0,27.708962722718724
2020-10-18,0.0,0.0,39.10391626269246,,100.0,0.0,s2,,,,0.5468418954248364,5.0,30.443172199842905
2020-10-23,31.18717331216467,13.231186577482804,0.3171764934206828,31.239083112884884,0.7090034434922527,0.0,s2,31.239083112884884,31.239083112884884,0.3530120390166161,0.2373289738562086,5.0,31.239083112884884
2020-10-28,0.0,0.0,39.10391626269246,,100.0,0.0,s2,,,,0.030987026143790786,5.0,31.39401824360384
2020-11-02,0.0,0.0,39.10391626269246,,100.0,0.0,s2,,,,0.0335742156862743,5.0,31.56188932203521
2020-11-07,0.0,0.0,39.10391626269246,,100.0,0.0,s2,,,,0.04392297385621049,5.0,31.781504191316262
2020-11-08,19.11328030321428,10.736810032488885,14.88544604736496,32.13656151843955,33.274321156902296,0.0,l8,32.13656151843955,32.13656151843955,0.05609240034716656,0.04392297385620836,1.0,32.13656151843955
2020-11-12,0.0,0.0,39.10391626269246,,100.0,0.0,s2,,,,0.043922973856210135,4.0,32.31225341386439
2020-11-17,25.271330305948293,12.226353161077755,7.231317049373425,,16.16695424866945,0.0,s2,,,,-0.34876973202614464,5.0,30.568404753733667
2020-11-22,0.0,0.0,39.10391626269246,29.453485574276197,100.0,0.0,s2,29.453485574276197,29.453485574276197,-0.19164828172595375,-0.44694290849673307,5.0,29.453485574276197
2020-11-24,25.411182832766308,12.022251610213436,7.26742110217408,,16.257901584977528,0.0,l8,,,,-0.446942908496732,2.0,28.559599757282733
2020-11-27,2.1152506143798826,5.140613080884513,37.47967268780374,29.575292523096785,83.7805371704213,0.0,s2,29.575292523096785,29.575292523096785,0.024361389764117548,0.14953637254901983,3.0,29.575292523096785
2020-12-02,4.843041480463245,16.636911181140842,23.25558372146409,,51.98458675520884,0.0,s2,,,,0.4477760130718956,5.0,31.814172588456263
2020-12-07,32.03414964763974,12.417230185798552,0.2841565496298671,32.06183410930966,0.6351920030569183,0.0,s2,32.06183410930966,32.06183410930966,0.24865415862128729,0.4477760130718956,5.0,32.06183410930966
2020-12-10,3.5594189313926545,6.015201983517399,34.855606885821665,31.983904729031423,78.45020971341415,0.0,l8,31.983904729031423,31.983904729031423,-0.02597646009274494,-0.008266241830064303,3.0,31.983904729031423
2020-12-12,9.314218248199344,35.00624074091265,0.4150773939561173,,0.9278471379035913,0.0,s2,,,,-0.008266241830066079,2.0,31.96737224537129
2020-12-17,31.94575847976301,12.493210273286229,0.2961831236712709,31.98805463625716,0.6620814085698905,0.0,s2,31.98805463625716,31.98805463625716,0.0005928438893911496,-0.008266241830065014,5.0,31.98805463625716
2020-12-22,27.68417558495328,12.254919541508936,4.796441256605953,32.14302229554647,10.721769859948175,0.0,s2,32.14302229554647,32.14302229554647,0.03099353185786242,-0.009586947712418237,5.0,32.14302229554647
2020-12-26,17.988892850469135,26.301234183024583,0.4445441313127353,,0.9937351046462278,0.0,l8,,,,-0.010467418300653897,4.0,32.10115262234386
2020-12-27,10.094231642257988,33.86059241848606,0.7803279154331981,,1.7443282988034674,0.0,s2,,,,-0.010467418300653009,1.0,32.09068520404321
2021-01-01,24.61537141558909,8.629275450964132,11.49088951651499,32.06719801181102,25.686267440987102,0.0,s2,32.06719801181102,32.06719801181102,-0.007582428373545014,-0.007557777777778796,5.0,32.06719801181102
2021-01-06,7.266531870739147,3.994693006111532,33.47431150621747,32.22287643228773,74.82711556105781,0.0,s2,32.22287643228773,32.22287643228773,0.031135684095340822,-0.002364836601307019,5.0,32.22287643228773
2021-01-11,30.447055700518323,12.510944415331547,1.7775362672182915,31.97916027196009,3.973432333519682,0.0,s2,31.97916027196009,31.97916027196009,-0.04874323206552731,-0.002364836601307019,5.0,31.97916027196009
2021-01-16,31.6671758289564,12.90016381303399,0.1681967410777658,31.6671758289564,0.37598015957047115,0.0,s2,31.6671758289564,31.6671758289564,-0.06239688860073826,-0.01853932679738577,5.0,31.6671758289564
2021-01-21,4.624939095450847,8.161843845526494,31.9487534420908,32.08183585532072,71.41694506245602,0.0,s2,32.08183585532072,32.08183585532072,0.08293200527286401,-0.029322320261437794,5.0,32.08183585532072
2021-01-26,32.0212465903817,12.547300557748107,0.1669892349383533,32.0212465903817,0.37328094941889783,0.0,s2,32.0212465903817,32.0212465903817,-0.012117852987803702,-0.027490882352941524,5.0,32.0212465903817
2021-01-27,30.629586395797183,12.268678903101764,1.8372710841691864,32.085665442806466,4.106961115737446,0.0,l8,32.085665442806466,32.085665442806466,0.0644188524247653,-0.020165130718954316,1.0,32.085665442806466
2021-01-31,31.79302839285757,12.7774404538196,0.16506753639099,31.79302839285757,0.36898526258302783,0.0,s2,31.79302839285757,31.79302839285757,-0.07315926248722437,-0.020165130718953428,4.0,31.79302839285757
2021-02-05,31.65799536614117,12.90862975443126,0.1689112624957263,31.658379775229303,0.3775773717103728,0.0,s2,31.658379775229303,31.658379775229303,-0.02692972352565306,-0.020165130718953605,5.0,31.658379775229303
2021-02-10,5.183763291313859,7.217319668130913,32.33445342362337,,72.27912312651195,0.0,s2,,,,-0.022469078431372226,5.0,31.546034383072442
2021-02-12,31.7092375871132,12.862056592579304,0.1633535390275791,31.7092375871132,0.3651611164006565,0.0,l8,31.7092375871132,31.7092375871132,0.007265401697699657,-0.02304506535947759,2.0,31.7092375871132
2021-02-15,31.63312324653524,12.89028132247469,0.2121318140582293,31.651189009322103,0.4741908362107367,0.0,s2,31.651189009322103,31.651189009322103,-0.019349525930365985,-0.023045065359476997,3.0,31.651189009322103
2021-02-20,31.54178332367374,13.0248415724419,0.1689114869525134,31.54178332367374,0.3775778734519528,0.0,s2,31.54178332367374,31.54178332367374,-0.02188113712967237,-0.026309601307189467,5.0,31.54178332367374
2021-02-25,31.64197231594657,12.906581216185916,0.1869828509356677,31.655045822111127,0.4179738660883439,0.0,s2,31.655045822111127,31.655045822111127,0.022652499687477245,-0.03120640522875817,5.0,31.655045822111127
2021-02-28,31.688591954434497,12.883590698382916,0.1633537302507236,31.688591954434497,0.3651542899853349,0.0,l8,31.688591954434497,31.688591954434497,0.011182044107789816,-0.03120640522875817,3.0,31.688591954434497
2021-03-02,19.23196118050645,7.42080284537198,18.08277235718976,,40.42149445207915,0.0,s2,,,,-0.03120640522875817,2.0,31.62617914397698
2021-03-07,31.176619511852675,12.901029853911384,0.6578870173040777,31.27197375098841,1.470613902269159,0.0,s2,31.27197375098841,31.27197375098841,-0.05951688620658402,-0.012308790849672846,5.0,31.27197375098841
2021-03-12,31.32012832105044,13.252262918418484,0.1631451435992419,31.32012832105044,0.36468802386147364,0.0,s2,31.32012832105044,31.32012832105044,0.009630914012406322,-0.012308790849672135,5.0,31.32012832105044
2021-03-16,16.142451195640177,9.336949110690252,19.075339970658604,31.137829163983984,42.813267122803424,0.0,l8,31.137829163983984,31.137829163983984,-0.04557478926661407,-0.049190735294118326,4.0,31.137829163983984
2021-03-17,31.293069815047808,13.252029121808809,0.1904374462115466,31.29345428260762,0.42569612797495093,0.0,s2,31.29345428260762,31.29345428260762,0.15562511862363593,-0.08607267973856025,1.0,31.29345428260762
2021-03-22,0.0,0.0,39.10391626269246,31.63947531209963,100.0,0.0,s2,31.63947531209963,31.63947531209963,0.06920420589840219,-0.0860726797385638,5.0,31.63947531209963
2021-03-27,7.19230552670312,8.495399878398837,29.04783097796621,,64.9323408782474,0.0,s2,,,,-0.07651233333333422,5.0,31.25691364543296
2021-04-01,6.463972877009133,36.24524503936574,2.02631846669326,,4.529549951836941,0.0,l8,,,,-0.038270947712417326,5.0,31.065558906870873
2021-04-06,13.430705765390911,8.008260318828516,23.29657029884877,,52.07620648461971,0.0,s2,,,,-0.038270947712418034,5.0,30.874204168308783
2021-04-11,0.0,0.0,39.10391626269246,,100.0,0.0,s2,,,,-0.0013776666666664994,5.0,30.86731583497545
2021-04-16,11.088041809118772,33.18066515915583,0.4668294147935137,,1.0435315021062388,0.0,s2,,,,0.007845653594771563,5.0,30.906544102949308
2021-04-17,23.25364259803778,11.849575544680112,9.632318240350246,31.09775365054692,21.531692741692403,0.0,l8,31.09775365054692,31.09775365054692,-0.020835448521258088,0.007845653594770852,1.0,31.09775365054692
2021-04-21,12.841019104644776,31.543928545520227,0.3490506752554252,,0.7802805211289923,0.0,s2,,,,0.025924918300653133,4.0,31.201453323749533
2021-04-26,0.0,0.0,39.10391626269246,,100.0,0.0,s2,,,,0.04400418300653612,5.0,31.421474238782213
2021-05-01,0.0,0.0,39.10391626269246,,100.0,0.0,s2,,,,0.04400418300653612,5.0,31.641495153814894
2021-05-03,0.0,0.0,42.23599292096763,30.9408348864241,104.97067390365744,1.0,l8,30.9408348864241,30.9408348864241,-0.00980742275767632,-0.04931447712418269,2.0,30.9408348864241
2021-05-06,0.0,0.0,39.10391626269246,,100.0,0.0,s2,,,,-0.04931447712418328,3.0,30.79289145505155
2021-05-11,22.34854680765489,10.792141286968771,11.594848288444568,30.681875224195057,25.918652654923918,0.0,s2,30.681875224195057,30.681875224195057,-0.032369957778630276,-0.049314477124182333,5.0,30.681875224195057
2021-05-16,0.0,0.0,39.10391626269246,30.71275404173728,100.0,0.0,s2,30.71275404173728,30.71275404173728,0.0061757635084447315,-0.0877404183006533,5.0,30.71275404173728
2021-05-19,16.48769969696739,12.911137645784247,15.336699040316477,,34.283033758641245,0.0,l8,,,,-0.11335771241830035,3.0,30.37268090448238
2021-05-21,25.756967491045064,12.898141586461916,6.080427305561192,,13.591940093206428,0.0,s2,,,,-0.11335771241830095,2.0,30.145965479645778
2021-05-26,0.0,0.0,39.10391626269246,,100.0,0.0,s2,,,,-0.11337210457516349,5.0,29.57910495676996
2021-05-31,11.141561149397306,15.401607682795984,18.192367550874906,28.77638280383241,40.666479094146894,0.0,s2,28.77638280383241,28.77638280383241,-0.1290914158603248,-0.11342967320261436,5.0,28.77638280383241
2021-06-04,21.224157145122213,14.021748781206668,8.898733848462916,,20.158129942526834,0.0,l8,,,,-0.11342967320261543,4.0,28.322664111021947
2021-06-05,0.0,0.0,39.10391626269246,,100.0,0.0,s2,,,,-0.11342967320261366,1.0,28.209234437819333
2021-06-10,0.0,0.0,39.10391626269246,,100.0,0.0,s2,,,,-0.09907819607843109,5.0,27.713843457427178
2021-06-15,1.133534434356689,15.503533164261524,28.098468784449928,,62.81017521248468,0.0,s2,,,,-0.09549032679738616,5.0,27.236391823440247
2021-06-20,26.83023313469035,17.49583826387039,0.4094649845073968,26.95364436247356,0.9153013859075453,0.0,s2,26.95364436247356,26.95364436247356,-0.09113692206794237,-0.08423419607843101,5.0,26.95364436247356
2021-06-25,0.0,0.0,39.10391626269246,26.42619958972643,100.0,0.0,s2,26.42619958972643,26.42619958972643,-0.10548895454942624,-0.06735000000000042,5.0,26.42619958972643
2021-06-30,0.0,0.0,39.10391626269246,25.898754816979302,100.0,0.0,s2,25.898754816979302,25.898754816979302,-0.10548895454942553,-0.06735000000000042,5.0,25.898754816979302
2021-07-05,5.507120766876221,5.647759021345425,33.5806565948465,25.37131004423217,75.06483505036583,0.0,s2,25.37131004423217,25.37131004423217,-0.10548895454942624,0.010971428571428988,5.0,25.37131004423217
2021-07-06,11.281217800257066,16.259184548392522,17.195134034418565,,38.437303818551534,0.0,l8,,,,0.010971428571426856,1.0,25.382281472803598
2021-07-10,0.0,0.0,39.10391626269246,25.900577511555507,100.0,0.0,s2,25.900577511555507,25.900577511555507,0.10585349346466728,-0.0823383928571424,4.0,25.900577511555507
2021-07-15,0.0,0.0,39.10391626269246,,100.0,0.0,s2,,,,-0.11344166666666666,5.0,25.333369178222174
2021-07-20,1.1493364989318846,11.360436500778269,32.22576338335799,,72.03616182761375,0.0,s2,,,,-0.07988166666666671,5.0,24.93396084488884
2021-07-22,0.0,0.0,44.735536383068144,25.08437087076392,104.67994594024191,1.0,l8,25.08437087076392,25.08437087076392,-0.06801722006596567,0.054358333333333064,2.0,25.08437087076392
2021-07-25,0.0,0.0,39.10391626269246,,100.0,0.0,s2,,,,0.05435833333333425,3.0,25.247445870763922
2021-07-30,0.0,0.0,39.10391626269246,,100.0,0.0,s2,,,,0.054358333333333064,5.0,25.519237537430588
2021-08-04,0.0,0.0,39.10391626269246,,100.0,0.0,s2,,,,0.03693833333333316,5.0,25.703929204097253
2021-08-07,5.046490120146628,16.505271854491003,23.145486369668625,,51.78279922597741,0.0,l8,,,,0.032583333333333776,3.0,25.801679204097255
2021-08-09,0.0,0.0,39.10391626269246,,100.0,0.0,s2,,,,0.032583333333333186,2.0,25.86684587076392
2021-08-14,0.0,0.0,39.10391626269246,26.161593371802716,100.0,0.0,s2,26.161593371802716,26.161593371802716,0.0468357609147303,0.0378066666666669,5.0,26.161593371802716
2021-08-19,8.839140541267305,13.621444991833124,22.27495084996772,26.002089556922822,49.79251988671474,0.0,s2,26.002089556922822,26.002089556922822,-0.03190076297597884,0.045641666666666934,5.0,26.002089556922822
2021-08-23,14.813314799926758,12.61267697689494,17.295707279586264,24.74600319908304,38.67408359814551,0.0,l8,24.74600319908304,24.74600319908304,-0.3140215894599452,0.04564166666666658,4.0,24.74600319908304
2021-08-24,22.2077976056801,15.011016663479417,7.51672211390864,25.50654111692278,16.80257513745521,0.0,s2,25.50654111692278,25.50654111692278,0.7605379178397378,0.045641666666664804,1.0,25.50654111692278
2021-08-29,0.0,0.0,39.10391626269246,25.84493861849859,100.0,0.0,s2,25.84493861849859,25.84493861849859,0.06767950031516179,0.08854166666666644,5.0,25.84493861849859
2021-09-03,0.0,0.0,39.10391626269246,26.183336120074394,100.0,0.0,s2,26.183336120074394,26.183336120074394,0.06767950031516108,0.08854166666666714,5.0,26.183336120074394
2021-09-08,14.312373716796875,12.070372690789418,18.35278997548184,,41.025080862623014,0.0,l8,,,,0.08208166666666657,5.0,26.593744453407727
2021-09-13,0.0,0.0,39.10391626269246,26.860131123226008,100.0,0.0,s2,26.860131123226008,26.860131123226008,0.06767950031516143,0.07777499999999975,5.0,26.860131123226008
2021-09-18,6.870974605377197,7.044735014332132,30.819826763358808,27.198528624801817,68.89338824385649,0.0,s2,27.198528624801817,27.198528624801817,0.06767950031516179,0.09361901307189555,5.0,27.198528624801817
2021-09-23,8.824559137679994,7.371752802993254,28.53922444239493,,63.79542249815665,0.0,s2,,,,0.15699506535947733,5.0,27.983503951599204
2021-09-24,0.0,0.0,44.08180332509623,,104.75264803779753,1.0,l8,,,,0.15699506535947805,1.0,28.14049901695868
2021-09-28,5.841658090038703,9.856460772056549,29.037417520972905,27.90607020230091,64.90906305968247,0.0,s2,27.90607020230091,27.90607020230091,0.0707541577499093,0.15699506535947716,4.0,27.90607020230091
2021-10-03,0.0,0.0,39.10391626269246,,100.0,0.0,s2,,,,0.08627869934640486,5.0,28.337463699032934
2021-10-08,7.396009973480225,18.810743530580982,18.52878287900696,,41.418488246895976,0.0,s2,,,,0.06859960784313728,5.0,28.68046173824862
2021-10-10,0.0,0.0,44.735536383068144,,104.67994594024191,1.0,l8,,,,0.06859960784313657,2.0,28.817660953934894
2021-10-13,0.0,0.0,39.10391626269246,,100.0,0.0,s2,,,,0.12658337690631782,3.0,29.197411084653847
2021-10-18,0.0,0.0,39.10391626269246,,100.0,0.0,s2,,,,0.1555752614379095,5.0,29.975287391843395
2021-10-23,0.0,0.0,39.10391626269246,,100.0,0.0,s2,,,,0.1555752614379088,5.0,30.75316369903294
2021-10-26,4.064319696117446,8.665725782324698,31.90513718593704,,71.47979526786776,0.0,l8,,,,0.033639084967320564,3.0,30.8540809539349
2021-10-28,0.0,0.0,39.10391626269246,,100.0,0.0,s2,,,,0.03363908496731938,2.0,30.92135912386954
2021-11-02,5.417940143229167,5.741324402339683,33.576271837499306,31.61811329723895,75.05503354198635,0.0,s2,31.61811329723895,31.61811329723895,0.10605837414108683,0.033639084967320085,5.0,31.61811329723895
2021-11-07,29.821102293427952,11.276408808197036,3.638025281443171,31.802474388500386,8.132293866538097,0.0,s2,31.802474388500386,31.802474388500386,0.03687221825228733,0.014967418300653179,5.0,31.802474388500386
2021-11-11,0.0,0.0,44.70974890708273,,104.68277161814065,1.0,l8,,,,0.00251964052287601,4.0,31.81255295059189
2021-11-12,0.0,0.0,39.10391626269246,,100.0,0.0,s2,,,,0.0025196405228733454,1.0,31.815072591114763
2021-11-17,0.5440908889160156,11.911661506574806,31.46309513004904,,71.63916382767671,0.0,l9,,,,-0.004331411764705706,5.0,31.793415532291235
2021-11-22,31.624783886345003,12.666562785781911,0.4441897109412401,31.76894621956644,0.9929236281815556,0.0,s2,31.76894621956644,31.76894621956644,-0.0022352112622629743,-0.03173562091503328,5.0,31.76894621956644
2021-11-27,30.98901287284307,12.290444868698184,1.4560786415269076,31.884480844868868,3.254859020932663,0.0,s2,31.884480844868868,31.884480844868868,0.023106925060485395,-0.03173562091503328,5.0,31.884480844868868
2021-12-02,0.0,0.0,39.10391626269246,31.70150872819155,100.0,0.0,s2,31.70150872819155,31.70150872819155,-0.03659442333546394,0.03438071895424884,5.0,31.70150872819155
2021-12-03,0.0,0.0,44.73553638308381,,100.0,2.0,l9,,,,0.050909803921570074,1.0,31.75241853211312
2021-12-07,31.449323305148265,12.96904169693124,0.3171713809886649,31.51853661151423,0.7089920153694864,0.0,s2,31.51853661151423,31.51853661151423,-0.03659442333546394,0.050909803921570074,4.0,31.51853661151423
2021-12-12,31.25077049699864,11.833104291008336,1.6516615950611828,31.91276552796428,3.6920572068658952,0.0,s2,31.91276552796428,31.91276552796428,0.07884578329001002,0.02565457516339862,5.0,31.91276552796428
2021-12-13,31.89859736781963,12.396790850183327,0.4401481650651842,31.97730905971416,0.9838893207767037,0.0,l8,31.97730905971416,31.97730905971416,0.06454353174988015,-0.012228267973856788,1.0,31.97730905971416
2021-12-17,17.94412242643086,13.692567618489214,13.098846338148125,,29.280628773472948,0.0,s2,,,,-0.0122282679738559,4.0,31.928395987818735
2021-12-19,32.097217051505524,12.46891049584313,0.1694088357351347,,0.37868962670847656,0.0,l9,,,,-0.012228267973856788,2.0,31.90393945187102
2021-12-22,31.991139107482315,12.482817338682164,0.2615799369036778,32.03766564794862,0.5847251604714917,0.0,s2,32.03766564794862,32.03766564794862,0.00670628758160695,-0.012228267973856788,3.0,32.03766564794862
2021-12-27,6.993366069781973,14.976916903286076,22.76525341000009,,50.888522303750584,0.0,s2,,,,-0.010967222222222262,5.0,31.98282953683751
2021-12-29,31.872938253912707,12.700109420267006,0.1624887088884189,31.872938253912707,0.36322065638609163,0.0,l8,31.872938253912707,31.872938253912707,-0.023532484862273457,-0.010967222222221906,2.0,31.872938253912707
2022-01-01,2.6353452728047686,12.880933328557855,29.21925778170553,,65.31554138862333,0.0,s2,,,,-0.010967222222222498,3.0,31.84003658724604
2022-01-04,24.585651811106963,12.35136502034192,7.795924535948857,,17.427703829980388,0.0,l9,,,,-0.014643954248365768,3.0,31.796104724500942
2022-01-06,31.705294843624703,12.778359638432637,0.2449610868323445,31.7678320249811,0.5476607843027529,0.0,s2,31.7678320249811,31.7678320249811,-0.013138278616450894,-0.021997418300653493,2.0,31.7678320249811
2022-01-11,31.62576670808932,12.745699836873724,0.3625318657845631,31.73444446708244,0.8104168611439453,0.0,s2,31.73444446708244,31.73444446708244,-0.006677511579731998,-0.021997418300653493,5.0,31.73444446708244
2022-01-14,31.68211894737524,12.8555332843331,0.1961543721849918,31.68211894737524,0.43849246705492706,0.0,l8,31.68211894737524,31.68211894737524,-0.01744183990239989,-0.021997418300653493,3.0,31.68211894737524
2022-01-16,30.45124168119352,11.924802475129257,2.359107779388219,31.73768597791593,5.273498976327384,0.0,s2,31.73768597791593,31.73768597791593,0.02778351527034495,-0.023197042483660724,2.0,31.73768597791593
2022-01-20,31.500827635688086,12.862071925365958,0.3726368220297545,,0.8329772081835654,0.0,l9,,,,-0.024396666666666178,4.0,31.640099311249266
2022-01-21,0.0,0.0,39.10391626269246,31.737999049841434,100.0,0.0,s2,31.737999049841434,31.737999049841434,6.261438510080097e-05,-0.0243966666666644,1.0,31.737999049841434
2022-01-26,20.6983430625614,10.455773297235137,13.58142002327169,31.73831212176694,30.359354377635377,0.0,s2,31.73831212176694,31.73831212176694,6.261438510080097e-05,-0.024396666666666532,5.0,31.73831212176694
2022-01-30,31.05561796058492,13.076218846500158,0.5933212478288561,31.482125346632287,1.326593965526899,0.0,l8,31.482125346632287,31.482125346632287,-0.06404669378366279,-0.022344950980392575,4.0,31.482125346632287
2022-01-31,31.92618614988967,12.644667460215244,0.1646827729632556,31.92657065281936,0.3681251780532712,0.0,s2,31.92657065281936,31.92657065281936,0.4444453061870739,-0.0216610457516353,1.0,31.92657065281936
2022-02-05,29.53622162778513,12.886843478632183,2.3124712766508457,31.633812365847845,5.1692043141033786,0.0,s2,31.633812365847845,31.633812365847845,-0.058551657394303194,-0.021661045751633877,5.0,31.633812365847845
2022-02-10,0.0,0.0,39.10391626269246,31.60384291527599,100.0,0.0,s2,31.60384291527599,31.60384291527599,-0.00599389011437097,-0.02261296732026139,5.0,31.60384291527599
2022-02-15,31.33688337298703,13.203906908533655,0.1886915207979232,31.337748318787813,0.4218504511897613,0.0,l8,31.337748318787813,31.337748318787813,-0.05321891929763538,-0.024040849673203014,5.0,31.337748318787813
2022-02-20,23.736449695894965,11.61125031353892,9.387836373634324,31.54390401413228,20.985187912461228,0.0,s2,31.54390401413228,31.54390401413228,0.04123113906889344,-0.024040849673202302,5.0,31.54390401413228
2022-02-21,7.602498942687988,34.6884129503643,2.444624490031503,,5.464614236649477,0.0,l9,,,,-0.053544411764708144,1.0,31.490359602367572
2022-02-25,20.87494779952464,9.127554337185988,14.73303424635754,31.61157578073073,32.933626010872665,0.0,s2,31.61157578073073,31.61157578073073,0.013534353319689529,-0.05354441176470637,4.0,31.61157578073073
2022-03-02,31.34820673930473,13.224953396068727,0.1623762476947009,31.34820673930473,0.3629692652040231,0.0,s2,31.34820673930473,31.34820673930473,-0.052673808285199894,-0.053544411764706014,5.0,31.34820673930473
2022-03-03,30.98685490274346,13.546471603867218,0.2022098764574527,30.98772005093682,0.45201174012073925,0.0,l8,30.98772005093682,30.98772005093682,-0.3604866883679101,-0.05354441176470459,1.0,30.98772005093682
2022-03-07,0.0,0.0,39.10391626269246,30.982404957473165,100.0,0.0,s2,30.982404957473165,30.982404957473165,-0.001328773365913527,-0.052720514705883126,4.0,30.982404957473165
2022-03-09,30.5618574646008,13.890949408187318,0.2827295102956816,,0.6320020573232522,0.0,l9,,,,-0.05244588235294145,2.0,30.87751319276728
2022-03-12,30.6166031756416,13.95694135667401,0.1619918507525622,30.6166031756416,0.36210999990127324,0.0,s2,30.6166031756416,30.6166031756416,-0.07316035636631284,-0.052445882352940267,3.0,30.6166031756416
2022-03-17,29.89811005010329,13.346701054644408,1.4907252783204463,30.1610628617488,3.3323067047982637,0.0,s2,30.1610628617488,30.1610628617488,-0.09110806277856014,-0.0732197254901962,5.0,30.1610628617488
2022-03-19,30.5104105751618,14.04187607612974,0.1832497317766025,30.531171598049983,0.40962900323233925,0.0,l8,30.531171598049983,30.531171598049983,0.18505436815059184,-0.15631509803921517,2.0,30.531171598049983
2022-03-22,24.57367112450442,13.830571030591296,6.331294227972395,,14.152717816453226,0.0,s2,,,,-0.15631509803921517,3.0,30.062226303932338
2022-03-25,13.886297467017556,30.4101803262449,0.4390585898213759,,0.9814537285561646,0.0,l9,,,,-0.15631509803921637,3.0,29.59328100981469
2022-03-27,30.045122526028983,14.52842200628662,0.1619918507525622,,0.3621099999012733,0.0,s2,,,,-0.15631509803921517,2.0,29.28065081373626
2022-04-01,0.0,0.0,39.10391626269246,,100.0,0.0,s2,,,,-0.4520006143790852,5.0,27.020647741840833
2022-04-04,17.182759717315793,16.06316463898639,11.474907560945631,,25.65897607222288,0.0,l8,,,,-0.5259219934640514,3.0,25.442881761448678
2022-04-06,14.975738136074291,14.266413044745828,15.493385202248056,,34.633283637372685,0.0,s2,,,,-0.5259219934640527,2.0,24.391037774520573
2022-04-10,7.999536979116882,36.11595750976011,0.6174473437917828,,1.3802967533444375,0.0,l9,,,,-0.2824039460784311,4.0,23.26142199020685
2022-04-11,24.377975887483725,15.40452043004916,4.953040065535284,,11.071824473328427,0.0,s2,,,,0.44815019607843,1.0,23.70957218628528
2022-04-16,6.134348384655642,11.983668856575155,26.617519141837345,,59.499720566470636,0.0,s2,,,,0.4481501960784321,5.0,25.95032316667744
2022-04-20,28.796681158591834,15.627602943566425,0.3112522809099033,,0.695760699602807,0.0,l8,,,,0.44815019607843176,4.0,27.742923950991166
2022-04-21,26.677866443632954,13.2286429267176,4.829027012717597,27.34752143792617,10.794610734890671,0.0,s2,27.34752143792617,27.34752143792617,-0.09647424727647924,0.44815019607843354,1.0,27.34752143792617
2022-04-26,26.30743504951639,16.659372691897396,1.7687286416543722,27.23168320673697,3.9537441252717693,0.0,s2,27.23168320673697,27.23168320673697,-0.023167646237839533,-0.09716751633987002,5.0,27.23168320673697
2022-05-01,13.237613682135247,9.745880699364411,21.752042001568554,26.389707449835445,48.6236306977676,0.0,s2,26.389707449835445,26.389707449835445,-0.1683951513803052,-0.09716751633987072,5.0,26.389707449835445
2022-05-06,26.86944240467266,17.70360526950707,0.1624887088884189,26.86944240467266,0.36322065638609147,0.0,l8,26.86944240467266,26.86944240467266,0.09594699096744322,-0.13084200653594777,5.0,26.86944240467266
2022-05-11,7.692422230438232,29.28544868258113,7.757665470048785,,17.341170123948636,0.0,s2,,,,-0.15329166666666652,5.0,26.10298407133933
2022-05-12,13.570663595601395,8.977397917115688,22.17968876617968,,49.588205594691836,0.0,l9,,,,-0.15329166666666438,1.0,25.949692404672664
2022-05-16,0.0,0.0,39.10391626269246,,100.0,0.0,s2,,,,-0.12301458333333315,4.0,25.45763407133933
2022-05-21,0.0,0.0,39.10391626269246,,100.0,0.0,s2,,,,-0.032183333333333765,5.0,25.296717404672663
2022-05-22,0.0,0.0,44.73553638308381,,100.0,2.0,l8,,,,-0.03218333333333234,1.0,25.26453407133933
2022-05-26,9.37993279321624,4.712283450089998,30.643320139761904,,68.49883251061236,0.0,s2,,,,-0.03218333333333412,4.0,25.135800738005994
2022-05-28,3.087442726318359,18.115078079494086,23.528199526713404,,52.599643716457045,0.0,l9,,,,0.21221833333333429,2.0,25.560237404672662
2022-05-31,0.0,0.0,39.10391626269246,26.866161301210365,100.0,0.0,s2,26.866161301210365,26.866161301210365,-0.00013124413849183725,0.45661999999999975,3.0,26.866161301210365
2022-06-05,0.0,0.0,39.10391626269246,,100.0,0.0,s2,,,,-0.3773148496732027,5.0,24.97958705284435
2022-06-07,0.0,0.0,44.73553638308381,,100.0,2.0,l8,,,,-0.5857985620915027,2.0,23.807989928661346
2022-06-10,0.0,0.0,39.10391626269246,,100.0,0.0,s2,,,,-0.5857985620915033,3.0,22.050594242386836
2022-06-13,8.88480070683163,6.6398904141697335,29.21084526208244,,65.29673638411579,0.0,l9,,,,-0.5857985620915033,3.0,20.293198556112326
2022-06-15,0.0,0.0,39.10391626269246,,100.0,0.0,s2,,,,0.47858189542483665,2.0,21.250362346962
2022-06-20,25.24254041319545,19.330619614023668,0.1623763558646589,,0.3629695070026245,0.0,s2,,,,0.4785818954248363,5.0,23.64327182408618
2022-06-23,0.0,0.0,44.73553638308381,24.28687207892458,100.0,2.0,l8,24.28687207892458,24.28687207892458,-0.1121430096645993,0.47858189542483726,3.0,24.28687207892458
2022-06-25,0.0,0.0,39.10391626269246,,100.0,0.0,s2,,,,0.47858189542483665,2.0,25.244035869774255
2022-06-29,17.902704226729085,14.40651121536555,12.421130771677642,,27.768912657897626,0.0,l9,,,,-0.06821428571428534,4.0,24.971178726917113
2022-06-30,0.0,0.0,39.10391626269246,,100.0,0.0,s2,,,,-0.06821428571428712,1.0,24.902964441202826
2022-07-05,0.0,0.0,39.10391626269246,,100.0,0.0,s2,,,,-0.114357714285714,5.0,24.331175869774256
2022-07-09,0.0,0.0,44.73553638308381,23.426015303675225,100.0,2.0,l8,23.426015303675225,23.426015303675225,-0.05380354845308477,-0.08586000000000027,4.0,23.426015303675225
2022-07-10,0.0,0.0,39.10391626269246,,100.0,0.0,s2,,,,-0.026599999999998403,1.0,23.399415303675227
2022-07-15,0.0,0.0,39.10391626269246,,100.0,0.0,s2,,,,-0.030535954248366436,5.0,23.246735532433394
2022-07-20,0.0,0.0,39.10391626269246,,100.0,0.0,s2,,,,-0.046279771241830046,5.0,23.015336676224244
2022-07-25,4.419633663909912,19.34482247169749,20.9710802474764,,46.87790053056424,0.0,s2,,,,-0.04627977124182934,5.0,22.783937820015097
2022-07-30,7.981488096789191,8.164822902879315,28.58922538341532,22.38233876024134,63.90719256967706,0.0,s2,22.38233876024134,22.38233876024134,-0.049698883020661236,0.160793579520697,5.0,22.38233876024134
2022-07-31,18.908797841674804,15.939206393933832,9.8425529416036,,22.023786596740685,0.0,l9,,,,0.21256191721132822,1.0,22.594900677452667
2022-08-04,2.8165423931274414,6.428924296079989,35.49006969387637,25.7235158968756,79.33305949427826,0.0,s2,25.7235158968756,25.7235158968756,0.6682354273268523,0.2125619172113291,4.0,25.7235158968756
2022-08-09,0.0,0.0,39.10391626269246,25.324042891268324,100.0,0.0,s2,25.324042891268324,25.324042891268324,-0.07989460112145537,0.03458333333333315,5.0,25.324042891268324
2022-08-10,22.799383278270763,17.380897922787412,4.555255182025626,23.690460022228283,10.182632310513975,0.0,l8,23.690460022228283,23.690460022228283,-1.6335828690400405,0.034583333333333854,1.0,23.690460022228283
2022-08-14,22.67154207123844,16.523298908779115,5.540695403066255,24.924569885661047,12.385445332810184,0.0,s2,24.924569885661047,24.924569885661047,0.3085274658581909,0.034583333333332966,4.0,24.924569885661047
2022-08-16,11.92203434674072,12.34316233667804,20.46962402981733,,45.757697702722204,0.0,l9,,,,0.034583333333333854,2.0,24.993736552327714
2022-08-19,2.592137445857628,8.561904032374006,33.581494904852164,,75.06670897445773,0.0,s2,,,,-0.17429999999999998,3.0,24.470836552327714
2022-08-24,18.769179300280044,12.410754846683508,13.555602236120263,25.046215394164324,30.301642345448982,0.0,s2,25.046215394164324,25.046215394164324,0.012164550850327771,-0.1743000000000002,5.0,25.046215394164324
2022-08-26,1.102200229360543,4.110622337877699,39.52271381584556,,88.34746827980494,0.0,l8,,,,-0.17430000000000057,2.0,24.697615394164323
2022-08-29,0.0,0.0,39.10391626269246,,100.0,0.0,s2,,,,0.022261904761904816,3.0,24.764401108450038
2022-09-01,3.0268953679199218,26.981961423515298,14.722353776340968,,32.912933921235684,0.0,l9,,,,0.4153857142857144,3.0,26.01055825130718
2022-09-03,0.0,0.0,39.10391626269246,26.557299867075088,100.0,0.0,s2,26.557299867075088,26.557299867075088,0.15110844729107634,0.4153857142857138,2.0,26.557299867075088
2022-09-08,0.0,0.0,39.10391626269246,27.312842103530468,100.0,0.0,s2,27.312842103530468,27.312842103530468,0.15110844729107598,0.2272438095238094,5.0,27.312842103530468
2022-09-11,0.0,0.0,44.73553638308381,26.579845057313925,100.0,2.0,l8,26.579845057313925,26.579845057313925,-0.24433234873884757,0.18020833333333405,3.0,26.579845057313925
2022-09-13,0.0,0.0,39.10391626269246,28.068384339985847,100.0,0.0,s2,28.068384339985847,28.068384339985847,0.7442696413359613,0.18020833333333286,2.0,28.068384339985847
2022-09-17,0.0,0.0,44.73553638308381,,104.67994594024019,1.0,l9,,,,0.1637947957516337,4.0,28.723563522992382
2022-09-18,0.0,0.0,39.10391626269246,28.82392657644123,100.0,0.0,s2,28.82392657644123,28.82392657644123,0.1511084472910767,0.11455418300653619,1.0,28.82392657644123
2022-09-23,10.83116292887286,1.5130420672369265,32.391331386974024,29.57946881289661,72.40626581426753,0.0,s2,29.57946881289661,29.57946881289661,0.15110844729107598,0.1145541830065369,5.0,29.57946881289661
2022-09-28,0.0,0.0,39.10391626269246,29.57946881289661,100.0,0.0,s2,29.57946881289661,29.57946881289661,0.0,0.11455418300653619,5.0,29.57946881289661
2022-10-03,0.0,0.0,39.10391626269246,29.57946881289661,100.0,0.0,s2,29.57946881289661,29.57946881289661,0.0,0.11455418300653619,5.0,29.57946881289661
2022-10-08,0.0,0.0,39.10391626269246,29.57946881289661,100.0,0.0,s2,29.57946881289661,29.57946881289661,0.0,0.1145541830065369,5.0,29.57946881289661
